timestamp,user_count,users
2026-01-22T00:17:18.281Z,1,"angelina"
2026-01-22T00:55:36.767Z,1,"Tess"
2026-01-22T01:01:10.099Z,0,""
2026-01-22T01:14:12.865Z,1,"Tess"
2026-01-22T01:40:20.998Z,0,""
2026-01-22T03:27:02.719Z,0,""
2026-01-22T04:35:36.855Z,0,""
2026-01-22T05:05:42.294Z,0,""
2026-01-22T05:46:10.118Z,0,""
2026-01-22T06:00:51.241Z,0,""
2026-01-22T06:51:39.137Z,0,""
2026-01-22T07:21:42.632Z,0,""
2026-01-22T07:47:21.748Z,0,""
2026-01-22T07:59:10.809Z,0,""
2026-01-22T08:47:38.744Z,0,""
2026-01-22T09:19:43.882Z,0,""
2026-01-22T09:51:32.048Z,0,""
2026-01-22T10:20:23.122Z,0,""
2026-01-22T10:51:31.653Z,0,""
2026-01-22T11:17:58.804Z,0,""
2026-01-22T11:41:09.270Z,0,""
2026-01-22T11:56:03.067Z,0,""
2026-01-22T13:00:15.091Z,0,""
2026-01-22T13:53:31.920Z,0,""
2026-01-22T14:59:05.516Z,0,""
2026-01-22T15:40:57.675Z,0,""
2026-01-22T16:02:03.511Z,0,""
2026-01-22T16:49:06.294Z,0,""
2026-01-22T17:19:03.907Z,3,"Joris;j;Jessica"
2026-01-22T17:50:36.460Z,0,""
2026-01-22T18:18:53.471Z,0,""
2026-01-22T18:55:41.467Z,2,"Alex;Joris"
2026-01-22T19:28:18.640Z,0,""
2026-01-22T19:47:11.394Z,0,""
2026-01-22T19:59:03.778Z,1,"Tess"
2026-01-22T20:38:10.600Z,0,""
2026-01-22T20:57:43.443Z,4,"Alex;Jessica;angelina;Tess"
2026-01-22T21:32:43.217Z,3,"Tess;Alex;Jessica"
2026-01-22T21:52:02.167Z,0,""
2026-01-22T22:16:58.641Z,0,""
2026-01-22T22:43:52.741Z,0,""
2026-01-22T22:59:26.446Z,0,""
2026-01-22T23:30:54.130Z,0,""
2026-01-22T23:48:04.551Z,0,""
2026-01-22T23:59:18.628Z,0,""
2026-01-23T02:25:49.012Z,0,""
2026-01-23T03:53:48.194Z,0,""
2026-01-23T04:41:45.546Z,0,""
2026-01-23T05:15:35.529Z,0,""
2026-01-23T05:47:08.077Z,0,""
2026-01-23T05:59:55.967Z,0,""
2026-01-23T06:50:44.141Z,0,""
2026-01-23T07:18:39.544Z,0,""
2026-01-23T07:42:49.066Z,0,""
2026-01-23T07:55:09.007Z,0,""
2026-01-23T08:34:23.942Z,0,""
2026-01-23T08:59:54.711Z,0,""
2026-01-23T09:39:57.911Z,0,""
2026-01-23T09:57:27.850Z,0,""
2026-01-23T10:35:31.775Z,0,""
2026-01-23T10:56:41.570Z,0,""
2026-01-23T11:27:24.994Z,0,""
2026-01-23T11:45:49.882Z,1,"Jessica"
2026-01-23T11:57:49.254Z,0,""
2026-01-23T13:05:46.136Z,0,""
2026-01-23T13:51:51.291Z,0,""
2026-01-23T14:19:43.353Z,0,""
2026-01-23T14:48:55.508Z,0,""
2026-01-23T15:13:36.908Z,0,""
2026-01-23T15:44:10.618Z,0,""
2026-01-23T16:01:17.355Z,0,""
2026-01-23T16:46:16.499Z,0,""
2026-01-23T17:15:11.038Z,0,""
2026-01-23T17:45:27.242Z,0,""
2026-01-23T17:58:03.292Z,2,"Kiran;charlotte"
2026-01-23T18:48:29.087Z,3,"Alex;angelina;Kiran"
2026-01-23T19:14:51.114Z,0,""
2026-01-23T19:36:49.609Z,4,"angelina;Jessica;Alex;Kiran"
2026-01-23T19:50:00.455Z,0,""
2026-01-23T20:13:27.228Z,0,""
2026-01-23T20:42:57.334Z,4,"Alex;angelina;Jessica;Kiran"
2026-01-23T20:58:42.357Z,0,""
2026-01-23T21:30:12.612Z,3,"Alex;angelina;Jessica"
2026-01-23T21:47:18.325Z,2,"Alex;angelina"
2026-01-23T21:58:58.343Z,0,""
2026-01-23T22:29:11.493Z,1,"Alex"
2026-01-23T22:47:41.857Z,0,""
2026-01-23T22:59:06.363Z,0,""
2026-01-23T23:30:54.733Z,0,""
2026-01-23T23:47:34.936Z,0,""
2026-01-23T23:58:43.277Z,0,""
2026-01-24T02:21:17.659Z,0,""
2026-01-24T03:46:44.922Z,0,""
2026-01-24T04:23:51.103Z,0,""
2026-01-24T04:54:20.615Z,0,""
2026-01-24T05:21:57.549Z,0,""
2026-01-24T05:43:21.195Z,0,""
2026-01-24T05:55:05.267Z,0,""
2026-01-24T06:35:00.236Z,0,""
2026-01-24T06:58:03.635Z,0,""
2026-01-24T07:27:44.291Z,0,""
2026-01-24T07:42:35.949Z,0,""
2026-01-24T07:54:14.774Z,0,""
2026-01-24T08:27:22.464Z,0,""
2026-01-24T08:51:36.972Z,0,""
2026-01-24T09:14:25.007Z,0,""
2026-01-24T09:36:32.099Z,0,""
2026-01-24T09:49:48.328Z,0,""
2026-01-24T10:10:20.010Z,0,""
2026-01-24T10:38:21.676Z,0,""
2026-01-24T10:53:12.883Z,0,""
2026-01-24T11:15:46.980Z,0,""
2026-01-24T11:32:22.034Z,0,""
2026-01-24T11:45:21.715Z,0,""
2026-01-24T11:57:04.221Z,0,""
2026-01-24T12:55:56.060Z,0,""
2026-01-24T13:33:50.984Z,0,""
2026-01-24T13:50:49.130Z,0,""
2026-01-24T14:11:56.010Z,0,""
2026-01-24T14:36:31.178Z,0,""
2026-01-24T14:51:16.342Z,0,""
2026-01-24T15:12:54.181Z,0,""
2026-01-24T15:34:43.944Z,0,""
2026-01-24T15:48:26.533Z,0,""
2026-01-24T15:59:42.240Z,0,""
2026-01-24T16:36:03.017Z,0,""
2026-01-24T16:54:18.143Z,0,""
2026-01-24T17:18:09.149Z,0,""
2026-01-24T17:38:27.484Z,0,""
2026-01-24T17:50:29.419Z,0,""
2026-01-24T18:16:58.464Z,0,""
2026-01-24T18:48:36.414Z,0,""
2026-01-24T19:01:18.752Z,0,""
2026-01-24T19:25:04.015Z,0,""
2026-01-24T19:38:44.525Z,0,""
2026-01-24T19:50:27.707Z,0,""
2026-01-24T20:11:47.230Z,0,""
2026-01-24T20:35:59.982Z,0,""
2026-01-24T20:50:51.396Z,0,""
2026-01-24T21:11:08.500Z,0,""
2026-01-24T21:31:24.428Z,0,""
2026-01-24T21:44:59.554Z,0,""
2026-01-24T21:56:42.224Z,0,""
2026-01-24T22:26:37.842Z,0,""
2026-01-24T22:45:36.439Z,0,""
2026-01-24T22:57:15.115Z,0,""
2026-01-24T23:27:05.936Z,0,""
2026-01-24T23:43:45.036Z,0,""
2026-01-24T23:55:00.619Z,0,""
2026-01-25T02:04:39.902Z,0,""
2026-01-25T04:00:17.704Z,0,""
2026-01-25T04:57:09.744Z,0,""
2026-01-25T05:34:40.060Z,0,""
2026-01-25T05:54:31.915Z,0,""
2026-01-25T06:33:50.912Z,0,""
2026-01-25T06:58:40.258Z,0,""
2026-01-25T07:29:46.659Z,0,""
2026-01-25T07:45:42.213Z,0,""
2026-01-25T07:57:13.377Z,0,""
2026-01-25T08:36:52.485Z,0,""
2026-01-25T08:55:45.469Z,0,""
2026-01-25T09:26:50.976Z,0,""
2026-01-25T09:45:27.297Z,0,""
2026-01-25T09:56:57.957Z,0,""
2026-01-25T10:29:51.683Z,0,""
2026-01-25T10:49:36.030Z,0,""
2026-01-25T11:01:25.488Z,0,""
2026-01-25T11:26:42.083Z,0,""
2026-01-25T11:42:09.865Z,0,""
2026-01-25T11:53:50.383Z,0,""
2026-01-25T12:40:36.743Z,0,""
2026-01-25T13:22:28.087Z,0,""
2026-01-25T13:48:55.648Z,0,""
2026-01-25T14:00:21.692Z,0,""
2026-01-25T14:30:25.105Z,0,""
2026-01-25T14:48:08.192Z,0,""
2026-01-25T14:59:04.147Z,0,""
2026-01-25T15:29:48.268Z,0,""
2026-01-25T15:45:59.304Z,0,""
2026-01-25T15:57:47.687Z,0,""
2026-01-25T16:35:58.544Z,0,""
2026-01-25T16:54:54.190Z,0,""
2026-01-25T17:20:03.210Z,0,""
2026-01-25T17:39:55.990Z,0,""
2026-01-25T17:51:59.631Z,0,""
2026-01-25T18:21:46.755Z,0,""
2026-01-25T18:50:59.362Z,0,""
2026-01-25T19:11:09.718Z,0,""
2026-01-25T19:30:03.533Z,0,""
2026-01-25T19:43:51.476Z,0,""
2026-01-25T19:55:42.494Z,0,""
2026-01-25T20:28:57.892Z,0,""
2026-01-25T20:48:11.620Z,0,""
2026-01-25T21:00:07.657Z,0,""
2026-01-25T21:28:25.923Z,0,""
2026-01-25T21:44:51.588Z,0,""
2026-01-25T21:56:36.461Z,0,""
2026-01-25T22:27:05.622Z,0,""
2026-01-25T22:47:32.411Z,0,""
2026-01-25T22:58:36.208Z,0,""
2026-01-25T23:28:59.625Z,0,""
2026-01-25T23:45:38.665Z,0,""
2026-01-25T23:57:23.064Z,0,""
2026-01-26T02:35:23.655Z,0,""
2026-01-26T04:09:38.447Z,0,""
2026-01-26T05:04:17.572Z,0,""
2026-01-26T05:46:44.801Z,0,""
2026-01-26T06:01:35.570Z,0,""
2026-01-26T06:53:58.026Z,0,""
2026-01-26T07:27:31.748Z,0,""
2026-01-26T07:49:50.823Z,0,""
2026-01-26T08:17:07.791Z,0,""
2026-01-26T08:53:20.243Z,0,""
2026-01-26T09:32:04.316Z,0,""
2026-01-26T09:58:46.363Z,0,""
2026-01-26T10:38:32.378Z,0,""
2026-01-26T10:59:06.329Z,0,""
2026-01-26T11:29:54.318Z,0,""
2026-01-26T11:46:43.434Z,0,""
2026-01-26T11:58:25.886Z,0,""
2026-01-26T13:07:24.478Z,0,""
2026-01-26T13:53:23.954Z,0,""
2026-01-26T14:26:41.655Z,0,""
2026-01-26T14:56:47.825Z,0,""
2026-01-26T15:36:32.571Z,1,"Jessica"
2026-01-26T15:58:43.230Z,3,"angelina;Jonathan;Jessica"
2026-01-26T16:47:40.817Z,1,"Jessica"
2026-01-26T17:18:36.304Z,0,""
2026-01-26T17:49:48.260Z,1,"Jessica"
2026-01-26T18:18:27.135Z,0,""
2026-01-26T18:57:00.794Z,0,""
2026-01-26T19:30:19.325Z,3,"angelina;Alex;Jessic"
2026-01-26T19:48:09.571Z,0,""
2026-01-26T19:59:38.015Z,0,""
2026-01-26T20:38:11.135Z,0,""
2026-01-26T20:57:44.929Z,0,""
2026-01-26T21:32:51.434Z,0,""
2026-01-26T21:51:51.936Z,0,""
2026-01-26T22:16:06.400Z,0,""
2026-01-26T22:43:42.926Z,0,""
2026-01-26T22:58:33.688Z,0,""
2026-01-26T23:31:58.647Z,0,""
2026-01-26T23:50:09.594Z,0,""
2026-01-27T00:57:20.529Z,0,""
2026-01-27T03:08:46.317Z,0,""
2026-01-27T04:16:17.777Z,0,""
2026-01-27T04:59:52.856Z,0,""
2026-01-27T05:37:44.096Z,0,""
2026-01-27T05:56:26.082Z,0,""
2026-01-27T06:45:37.705Z,0,""
2026-01-27T07:16:45.165Z,0,""
2026-01-27T07:44:52.769Z,0,""
2026-01-27T07:58:20.056Z,0,""
2026-01-27T08:45:58.792Z,0,""
2026-01-27T09:18:29.714Z,0,""
2026-01-27T09:51:11.821Z,0,""
2026-01-27T10:19:14.615Z,0,""
2026-01-27T10:51:51.291Z,0,""
2026-01-27T11:18:23.332Z,0,""
2026-01-27T11:41:27.367Z,0,""
2026-01-27T11:56:57.797Z,0,""
2026-01-27T13:06:48.045Z,0,""
2026-01-27T13:55:42.666Z,0,""
2026-01-27T14:35:06.618Z,2,"Jessica;Alex"
2026-01-27T15:02:29.465Z,0,""
2026-01-27T15:40:49.463Z,0,""
2026-01-27T15:59:14.683Z,0,""
2026-01-27T16:41:00.014Z,0,""
2026-01-27T17:05:13.372Z,0,""
2026-01-27T17:43:31.204Z,0,""
2026-01-27T18:01:07.805Z,0,""
2026-01-27T18:54:51.545Z,2,"Alex;Jessica"
2026-01-27T19:27:58.428Z,0,""
2026-01-27T19:49:49.990Z,2,"Alex;Jessica"
2026-01-27T20:11:36.444Z,0,""
2026-01-27T20:40:54.777Z,2,"angelina;Jessica"
2026-01-27T20:57:38.701Z,0,""
2026-01-27T21:27:11.266Z,0,""
2026-01-27T21:45:40.505Z,0,""
2026-01-27T21:57:16.926Z,0,""
2026-01-27T22:30:27.325Z,1,"angelina"
2026-01-27T22:50:38.306Z,2,"Alex;angelina"
2026-01-27T23:13:09.546Z,1,"angelina"
