timestamp,timer_running,timer_value,session_type
2026-01-22T00:17:18.281Z,true,04:03,breakTime
2026-01-22T00:55:36.767Z,true,21:15,work
2026-01-22T01:01:10.099Z,true,15:42,unknown
2026-01-22T01:14:12.865Z,true,02:41,unknown
2026-01-22T01:40:20.998Z,true,07:01,work
2026-01-22T03:27:02.719Z,false,00:00,unknown
2026-01-22T04:35:36.855Z,false,00:00,unknown
2026-01-22T05:05:42.294Z,false,00:00,unknown
2026-01-22T05:46:10.118Z,false,00:00,unknown
2026-01-22T06:00:51.241Z,false,00:00,unknown
2026-01-22T06:51:39.137Z,false,00:00,unknown
2026-01-22T07:21:42.632Z,false,00:00,unknown
2026-01-22T07:47:21.748Z,false,00:00,unknown
2026-01-22T07:59:10.809Z,false,00:00,unknown
2026-01-22T08:47:38.744Z,true,11:05,unknown
2026-01-22T09:19:43.882Z,true,10:28,unknown
2026-01-22T09:51:32.048Z,true,02:41,breakTime
2026-01-22T10:20:23.122Z,true,08:22,work
2026-01-22T10:51:31.653Z,true,08:55,unknown
2026-01-22T11:17:58.804Z,true,15:26,unknown
2026-01-22T11:41:09.270Z,true,00:18,unknown
2026-01-22T11:56:03.067Z,true,12:59,work
2026-01-22T13:00:15.091Z,false,00:00,unknown
2026-01-22T13:53:31.920Z,false,00:00,unknown
2026-01-22T14:59:05.516Z,true,08:30,unknown
2026-01-22T15:40:57.675Z,true,02:20,unknown
2026-01-22T16:02:03.511Z,true,06:19,work
2026-01-22T16:49:06.294Z,false,00:00,unknown
2026-01-22T17:19:03.907Z,true,11:07,work
2026-01-22T17:50:36.460Z,true,09:46,unknown
2026-01-22T18:18:53.471Z,true,11:53,unknown
2026-01-22T18:55:41.467Z,true,06:31,work
2026-01-22T19:28:18.640Z,false,00:00,unknown
2026-01-22T19:47:11.394Z,false,00:00,unknown
2026-01-22T19:59:03.778Z,false,00:00,unknown
2026-01-22T20:38:10.600Z,true,23:48,work
2026-01-22T20:57:43.443Z,true,04:20,unknown
2026-01-22T21:32:43.217Z,true,04:41,breakTime
2026-01-22T21:52:02.167Z,true,10:39,unknown
2026-01-22T22:16:58.641Z,true,16:05,unknown
2026-01-22T22:43:52.741Z,true,19:31,unknown
2026-01-22T22:59:26.446Z,true,03:59,work
2026-01-22T23:30:54.130Z,true,04:09,unknown
2026-01-22T23:48:04.551Z,true,21:43,work
2026-01-22T23:59:18.628Z,true,10:31,unknown
2026-01-23T02:25:49.012Z,false,00:00,unknown
2026-01-23T03:53:48.194Z,false,00:00,unknown
2026-01-23T04:41:45.546Z,false,00:00,unknown
2026-01-23T05:15:35.529Z,false,00:00,unknown
2026-01-23T05:47:08.077Z,false,00:00,unknown
2026-01-23T05:59:55.967Z,false,00:00,unknown
2026-01-23T06:50:44.141Z,false,00:00,unknown
2026-01-23T07:18:39.544Z,false,00:00,unknown
2026-01-23T07:42:49.066Z,false,00:00,unknown
2026-01-23T07:55:09.007Z,false,00:00,unknown
2026-01-23T08:34:23.942Z,false,00:00,unknown
2026-01-23T08:59:54.711Z,false,00:00,unknown
2026-01-23T09:39:57.911Z,false,00:00,unknown
2026-01-23T09:57:27.850Z,false,00:00,unknown
2026-01-23T10:35:31.775Z,false,00:00,unknown
2026-01-23T10:56:41.570Z,true,16:16,unknown
2026-01-23T11:27:24.994Z,false,00:00,unknown
2026-01-23T11:45:49.882Z,false,00:00,unknown
2026-01-23T11:57:49.254Z,true,22:05,unknown
2026-01-23T13:05:46.136Z,true,16:06,unknown
2026-01-23T13:51:51.291Z,false,00:00,unknown
2026-01-23T14:19:43.353Z,false,00:00,unknown
2026-01-23T14:48:55.508Z,false,00:00,unknown
2026-01-23T15:13:36.908Z,false,00:00,unknown
2026-01-23T15:44:10.618Z,true,10:56,unknown
2026-01-23T16:01:17.355Z,false,00:00,unknown
2026-01-23T16:46:16.499Z,false,00:00,unknown
2026-01-23T17:15:11.038Z,true,10:16,unknown
2026-01-23T17:45:27.242Z,true,11:52,work
2026-01-23T17:58:03.292Z,true,04:35,breakTime
2026-01-23T18:48:29.087Z,true,09:51,work
2026-01-23T19:14:51.114Z,true,14:11,unknown
2026-01-23T19:36:49.609Z,false,00:00,unknown
2026-01-23T19:50:00.455Z,true,12:10,unknown
2026-01-23T20:13:27.228Z,true,18:57,unknown
2026-01-23T20:42:57.334Z,true,19:42,unknown
2026-01-23T20:58:42.357Z,true,03:59,work
2026-01-23T21:30:12.612Z,true,02:45,unknown
2026-01-23T21:47:18.325Z,true,16:18,unknown
2026-01-23T21:58:58.343Z,true,04:40,work
2026-01-23T22:29:11.493Z,true,04:56,work
2026-01-23T22:47:41.857Z,true,16:50,work
2026-01-23T22:59:06.363Z,true,05:28,work
2026-01-23T23:30:54.733Z,true,04:03,unknown
2026-01-23T23:47:34.936Z,true,18:04,work
2026-01-23T23:58:43.277Z,true,06:56,unknown
2026-01-24T02:21:17.659Z,false,00:00,unknown
2026-01-24T03:46:44.922Z,false,00:00,unknown
2026-01-24T04:23:51.103Z,false,00:00,unknown
2026-01-24T04:54:20.615Z,false,00:00,unknown
2026-01-24T05:21:57.549Z,false,00:00,unknown
2026-01-24T05:43:21.195Z,false,00:00,unknown
2026-01-24T05:55:05.267Z,false,00:00,unknown
2026-01-24T06:35:00.236Z,false,00:00,unknown
2026-01-24T06:58:03.635Z,false,00:00,unknown
2026-01-24T07:27:44.291Z,false,00:00,unknown
2026-01-24T07:42:35.949Z,false,00:00,unknown
2026-01-24T07:54:14.774Z,false,00:00,unknown
2026-01-24T08:27:22.464Z,false,00:00,unknown
2026-01-24T08:51:36.972Z,false,00:00,unknown
2026-01-24T09:14:25.007Z,false,00:00,unknown
2026-01-24T09:36:32.099Z,false,00:00,unknown
2026-01-24T09:49:48.328Z,false,00:00,unknown
2026-01-24T10:10:20.010Z,false,00:00,unknown
2026-01-24T10:38:21.676Z,false,00:00,unknown
2026-01-24T10:53:12.883Z,false,00:00,unknown
2026-01-24T11:15:46.980Z,false,00:00,unknown
2026-01-24T11:32:22.034Z,false,00:00,unknown
2026-01-24T11:45:21.715Z,false,00:00,unknown
2026-01-24T11:57:04.221Z,false,00:00,unknown
2026-01-24T12:55:56.060Z,false,00:00,unknown
2026-01-24T13:33:50.984Z,false,00:00,unknown
2026-01-24T13:50:49.130Z,false,00:00,unknown
2026-01-24T14:11:56.010Z,false,00:00,unknown
2026-01-24T14:36:31.178Z,false,00:00,unknown
2026-01-24T14:51:16.342Z,false,00:00,unknown
2026-01-24T15:12:54.181Z,false,00:00,unknown
2026-01-24T15:34:43.944Z,false,00:00,unknown
2026-01-24T15:48:26.533Z,false,00:00,unknown
2026-01-24T15:59:42.240Z,false,00:00,unknown
2026-01-24T16:36:03.017Z,false,00:00,unknown
2026-01-24T16:54:18.143Z,false,00:00,unknown
2026-01-24T17:18:09.149Z,false,00:00,unknown
2026-01-24T17:38:27.484Z,false,00:00,unknown
2026-01-24T17:50:29.419Z,false,00:00,unknown
2026-01-24T18:16:58.464Z,false,00:00,unknown
2026-01-24T18:48:36.414Z,false,00:00,unknown
2026-01-24T19:01:18.752Z,false,00:00,unknown
2026-01-24T19:25:04.015Z,false,00:00,unknown
2026-01-24T19:38:44.525Z,false,00:00,unknown
2026-01-24T19:50:27.707Z,false,00:00,unknown
2026-01-24T20:11:47.230Z,false,00:00,unknown
2026-01-24T20:35:59.982Z,false,00:00,unknown
2026-01-24T20:50:51.396Z,false,00:00,unknown
2026-01-24T21:11:08.500Z,false,00:00,unknown
2026-01-24T21:31:24.428Z,false,00:00,unknown
2026-01-24T21:44:59.554Z,false,00:00,unknown
2026-01-24T21:56:42.224Z,false,00:00,unknown
2026-01-24T22:26:37.842Z,false,00:00,unknown
2026-01-24T22:45:36.439Z,false,00:00,unknown
2026-01-24T22:57:15.115Z,false,00:00,unknown
2026-01-24T23:27:05.936Z,false,00:00,unknown
2026-01-24T23:43:45.036Z,false,00:00,unknown
2026-01-24T23:55:00.619Z,false,00:00,unknown
2026-01-25T02:04:39.902Z,false,00:00,unknown
2026-01-25T04:00:17.704Z,false,00:00,unknown
2026-01-25T04:57:09.744Z,false,00:00,unknown
2026-01-25T05:34:40.060Z,false,00:00,unknown
2026-01-25T05:54:31.915Z,false,00:00,unknown
2026-01-25T06:33:50.912Z,false,00:00,unknown
2026-01-25T06:58:40.258Z,false,00:00,unknown
2026-01-25T07:29:46.659Z,false,00:00,unknown
2026-01-25T07:45:42.213Z,false,00:00,unknown
2026-01-25T07:57:13.377Z,false,00:00,unknown
2026-01-25T08:36:52.485Z,false,00:00,unknown
2026-01-25T08:55:45.469Z,false,00:00,unknown
2026-01-25T09:26:50.976Z,false,00:00,unknown
2026-01-25T09:45:27.297Z,false,00:00,unknown
2026-01-25T09:56:57.957Z,false,00:00,unknown
2026-01-25T10:29:51.683Z,false,00:00,unknown
2026-01-25T10:49:36.030Z,false,00:00,unknown
2026-01-25T11:01:25.488Z,false,00:00,unknown
2026-01-25T11:26:42.083Z,false,00:00,unknown
2026-01-25T11:42:09.865Z,false,00:00,unknown
2026-01-25T11:53:50.383Z,false,00:00,unknown
2026-01-25T12:40:36.743Z,false,00:00,unknown
2026-01-25T13:22:28.087Z,false,00:00,unknown
2026-01-25T13:48:55.648Z,false,00:00,unknown
2026-01-25T14:00:21.692Z,false,00:00,unknown
2026-01-25T14:30:25.105Z,false,00:00,unknown
2026-01-25T14:48:08.192Z,false,00:00,unknown
2026-01-25T14:59:04.147Z,false,00:00,unknown
2026-01-25T15:29:48.268Z,false,00:00,unknown
2026-01-25T15:45:59.304Z,false,00:00,unknown
2026-01-25T15:57:47.687Z,false,00:00,unknown
2026-01-25T16:35:58.544Z,false,00:00,unknown
2026-01-25T16:54:54.190Z,false,00:00,unknown
2026-01-25T17:20:03.210Z,false,00:00,unknown
2026-01-25T17:39:55.990Z,false,00:00,unknown
2026-01-25T17:51:59.631Z,false,00:00,unknown
2026-01-25T18:21:46.755Z,false,00:00,unknown
2026-01-25T18:50:59.362Z,false,00:00,unknown
2026-01-25T19:11:09.718Z,false,00:00,unknown
2026-01-25T19:30:03.533Z,false,00:00,unknown
2026-01-25T19:43:51.476Z,false,00:00,unknown
2026-01-25T19:55:42.494Z,false,00:00,unknown
2026-01-25T20:28:57.892Z,false,00:00,unknown
2026-01-25T20:48:11.620Z,false,00:00,unknown
2026-01-25T21:00:07.657Z,false,00:00,unknown
2026-01-25T21:28:25.923Z,false,00:00,unknown
2026-01-25T21:44:51.588Z,false,00:00,unknown
2026-01-25T21:56:36.461Z,false,00:00,unknown
2026-01-25T22:27:05.622Z,false,00:00,unknown
2026-01-25T22:47:32.411Z,false,00:00,unknown
2026-01-25T22:58:36.208Z,false,00:00,unknown
2026-01-25T23:28:59.625Z,false,00:00,unknown
2026-01-25T23:45:38.665Z,false,00:00,unknown
2026-01-25T23:57:23.064Z,false,00:00,unknown
2026-01-26T02:35:23.655Z,false,00:00,unknown
2026-01-26T04:09:38.447Z,false,00:00,unknown
2026-01-26T05:04:17.572Z,false,00:00,unknown
2026-01-26T05:46:44.801Z,false,00:00,unknown
2026-01-26T06:01:35.570Z,false,00:00,unknown
2026-01-26T06:53:58.026Z,false,00:00,unknown
2026-01-26T07:27:31.748Z,false,00:00,unknown
2026-01-26T07:49:50.823Z,false,00:00,unknown
2026-01-26T08:17:07.791Z,false,00:00,unknown
2026-01-26T08:53:20.243Z,false,00:00,unknown
2026-01-26T09:32:04.316Z,false,00:00,unknown
2026-01-26T09:58:46.363Z,false,00:00,unknown
2026-01-26T10:38:32.378Z,false,00:00,unknown
2026-01-26T10:59:06.329Z,false,00:00,unknown
2026-01-26T11:29:54.318Z,false,00:00,unknown
2026-01-26T11:46:43.434Z,false,00:00,unknown
2026-01-26T11:58:25.886Z,false,00:00,unknown
2026-01-26T13:07:24.478Z,false,00:00,unknown
2026-01-26T13:53:23.954Z,true,13:32,unknown
2026-01-26T14:26:41.655Z,true,06:54,unknown
2026-01-26T14:56:47.825Z,true,08:05,work
2026-01-26T15:36:32.571Z,true,04:24,breakTime
2026-01-26T15:58:43.230Z,true,08:48,unknown
2026-01-26T16:47:40.817Z,false,00:00,unknown
2026-01-26T17:18:36.304Z,true,02:08,unknown
2026-01-26T17:49:48.260Z,true,01:28,work
2026-01-26T18:18:27.135Z,true,03:16,work
2026-01-26T18:57:00.794Z,true,00:11,work
2026-01-26T19:30:19.325Z,true,13:10,work
2026-01-26T19:48:09.571Z,true,00:37,unknown
2026-01-26T19:59:38.015Z,true,14:19,unknown
2026-01-26T20:38:11.135Z,true,06:27,unknown
2026-01-26T20:57:44.929Z,true,17:14,work
2026-01-26T21:32:51.434Z,true,12:52,work
2026-01-26T21:51:51.936Z,true,24:15,work
2026-01-26T22:16:06.400Z,true,00:11,unknown
2026-01-26T22:43:42.926Z,true,02:33,work
2026-01-26T22:58:33.688Z,true,18:00,work
2026-01-26T23:31:58.647Z,false,00:00,unknown
2026-01-26T23:50:09.594Z,false,00:00,unknown
2026-01-27T00:57:20.529Z,false,00:00,unknown
2026-01-27T03:08:46.317Z,false,00:00,unknown
2026-01-27T04:16:17.777Z,false,00:00,unknown
2026-01-27T04:59:52.856Z,false,00:00,unknown
2026-01-27T05:37:44.096Z,false,00:00,unknown
2026-01-27T05:56:26.082Z,false,00:00,unknown
2026-01-27T06:45:37.705Z,false,00:00,unknown
2026-01-27T07:16:45.165Z,false,00:00,unknown
2026-01-27T07:44:52.769Z,false,00:00,unknown
2026-01-27T07:58:20.056Z,false,00:00,unknown
2026-01-27T08:45:58.792Z,false,00:00,unknown
2026-01-27T09:18:29.714Z,false,00:00,unknown
2026-01-27T09:51:11.821Z,false,00:00,unknown
2026-01-27T10:19:14.615Z,false,00:00,unknown
2026-01-27T10:51:51.291Z,false,00:00,unknown
2026-01-27T11:18:23.332Z,false,00:00,unknown
2026-01-27T11:41:27.367Z,false,00:00,unknown
2026-01-27T11:56:57.797Z,false,00:00,unknown
2026-01-27T13:06:48.045Z,false,00:00,unknown
2026-01-27T13:55:42.666Z,false,00:00,unknown
2026-01-27T14:35:06.618Z,false,00:00,work
2026-01-27T15:02:29.465Z,true,00:03,unknown
2026-01-27T15:40:49.463Z,true,23:01,work
2026-01-27T15:59:14.683Z,true,04:44,work
2026-01-27T16:41:00.014Z,true,17:41,unknown
2026-01-27T17:05:13.372Z,false,00:00,unknown
2026-01-27T17:43:31.204Z,false,00:00,unknown
2026-01-27T18:01:07.805Z,false,00:00,unknown
2026-01-27T18:54:51.545Z,true,12:39,unknown
2026-01-27T19:27:58.428Z,true,23:17,unknown
2026-01-27T19:49:49.990Z,true,01:37,unknown
2026-01-27T20:11:36.444Z,true,10:09,work
2026-01-27T20:40:54.777Z,true,10:57,unknown
2026-01-27T20:57:38.701Z,false,00:00,work
2026-01-27T21:27:11.266Z,true,00:55,breakTime
2026-01-27T21:45:40.505Z,false,00:00,unknown
2026-01-27T21:57:16.926Z,false,00:00,unknown
2026-01-27T22:30:27.325Z,false,00:00,unknown
2026-01-27T22:50:38.306Z,true,08:02,work
2026-01-27T23:13:09.546Z,true,01:11,work
2026-01-27T23:37:40.454Z,false,00:00,unknown
2026-01-27T23:53:26.237Z,false,00:00,unknown
2026-01-28T01:40:35.414Z,false,00:00,unknown
2026-01-28T03:25:17.635Z,false,00:00,unknown
2026-01-28T04:31:48.865Z,false,00:00,unknown
2026-01-28T05:03:03.957Z,false,00:00,unknown
2026-01-28T05:41:43.530Z,false,00:00,unknown
2026-01-28T05:58:54.313Z,false,00:00,unknown
2026-01-28T06:51:15.110Z,false,00:00,unknown
2026-01-28T07:19:49.997Z,false,00:00,unknown
2026-01-28T07:44:41.440Z,false,00:00,unknown
2026-01-28T07:57:27.540Z,false,00:00,unknown
2026-01-28T08:45:27.464Z,false,00:00,unknown
2026-01-28T09:19:38.393Z,false,00:00,unknown
2026-01-28T09:52:29.948Z,false,00:00,unknown
2026-01-28T10:23:31.498Z,false,00:00,unknown
2026-01-28T10:54:39.904Z,false,00:00,unknown
2026-01-28T11:23:43.268Z,false,00:00,unknown
2026-01-28T11:44:31.179Z,false,00:00,unknown
2026-01-28T11:57:45.100Z,false,00:00,unknown
2026-01-28T13:09:46.875Z,false,00:00,unknown
2026-01-28T13:57:00.497Z,false,00:00,unknown
2026-01-28T14:38:44.575Z,false,00:00,unknown
2026-01-28T15:03:23.436Z,false,00:00,unknown
2026-01-28T15:47:58.831Z,true,04:55,breakTime
2026-01-28T16:19:37.046Z,true,23:36,unknown
2026-01-28T17:02:07.310Z,true,11:51,unknown
2026-01-28T17:45:21.072Z,true,04:42,breakTime
2026-01-28T18:03:03.587Z,true,12:15,work
2026-01-28T18:52:05.250Z,true,00:06,breakTime
2026-01-28T19:23:07.223Z,false,00:00,work
2026-01-28T19:50:31.399Z,true,19:50,unknown
2026-01-28T20:18:25.127Z,true,22:21,unknown
2026-01-28T20:52:57.529Z,true,18:16,unknown
2026-01-28T21:26:35.692Z,true,15:02,work
2026-01-28T21:54:34.819Z,true,17:29,work
2026-01-28T22:28:15.317Z,true,14:14,work
2026-01-28T22:56:26.732Z,false,00:00,unknown
2026-01-28T23:31:46.194Z,true,20:31,unknown
2026-01-28T23:53:13.529Z,true,04:17,breakTime
2026-01-29T01:49:26.287Z,true,05:02,work
2026-01-29T03:57:39.076Z,false,00:00,unknown
2026-01-29T05:10:11.730Z,false,00:00,unknown
2026-01-29T05:59:32.878Z,false,00:00,unknown
2026-01-29T07:02:11.916Z,false,00:00,unknown
2026-01-29T07:50:58.856Z,false,00:00,unknown
2026-01-29T08:28:44.502Z,false,00:00,unknown
2026-01-29T09:08:52.564Z,false,00:00,unknown
2026-01-29T09:59:41.682Z,false,00:00,unknown
2026-01-29T10:51:33.657Z,false,00:00,unknown
2026-01-29T11:25:04.101Z,false,00:00,unknown
2026-01-29T11:53:14.399Z,false,00:00,unknown
2026-01-29T12:52:36.856Z,false,00:00,unknown
2026-01-29T13:57:14.841Z,true,12:07,unknown
2026-01-29T14:48:26.583Z,false,00:00,unknown
2026-01-29T15:22:12.321Z,true,10:59,work
2026-01-29T15:59:37.825Z,true,04:00,unknown
2026-01-29T16:55:17.981Z,false,00:00,unknown
2026-01-29T17:39:29.175Z,true,02:23,unknown
2026-01-29T18:22:38.098Z,false,00:00,work
2026-01-29T19:08:22.837Z,true,20:28,unknown
2026-01-29T19:44:07.394Z,true,00:50,work
2026-01-29T20:01:56.193Z,true,18:51,work
2026-01-29T20:45:50.408Z,true,07:53,work
2026-01-29T21:03:43.193Z,true,20:16,work
2026-01-29T21:39:51.225Z,true,14:25,unknown
2026-01-29T21:59:38.726Z,false,00:00,work
2026-01-29T22:39:07.918Z,true,16:18,unknown
2026-01-29T23:01:14.671Z,true,24:36,work
2026-01-29T23:36:50.283Z,true,19:25,unknown
2026-01-29T23:55:58.741Z,true,00:21,work
2026-01-30T04:22:19.785Z,false,00:00,unknown
2026-01-30T05:30:14.953Z,false,00:00,unknown
2026-01-30T06:09:34.510Z,false,00:00,unknown
2026-01-30T07:08:17.958Z,false,00:00,unknown
2026-01-30T07:53:15.746Z,false,00:00,unknown
2026-01-30T08:34:48.638Z,false,00:00,unknown
2026-01-30T09:20:50.379Z,false,00:00,unknown
2026-01-30T10:00:05.809Z,false,00:00,unknown
2026-01-30T10:49:11.952Z,false,00:00,unknown
2026-01-30T11:18:26.125Z,false,00:00,unknown
2026-01-30T11:46:09.747Z,false,00:00,unknown
2026-01-30T12:01:44.984Z,false,00:00,unknown
2026-01-30T13:18:34.193Z,false,00:00,unknown
2026-01-30T14:06:04.278Z,true,16:31,unknown
2026-01-30T14:53:37.184Z,false,00:00,unknown
2026-01-30T15:32:35.632Z,false,00:00,unknown
2026-01-30T16:03:35.900Z,true,15:36,unknown
2026-01-30T16:56:21.228Z,false,00:00,unknown
2026-01-30T17:38:29.530Z,true,18:20,work
2026-01-30T18:04:20.982Z,false,00:00,unknown
2026-01-30T19:00:30.869Z,false,00:00,unknown
2026-01-30T19:40:08.108Z,false,00:00,unknown
2026-01-30T19:59:20.125Z,false,00:00,unknown
2026-01-30T20:41:49.494Z,false,00:00,unknown
2026-01-30T21:03:24.218Z,true,05:44,work
2026-01-30T21:38:26.400Z,true,01:04,unknown
2026-01-30T21:55:22.845Z,true,14:27,work
2026-01-30T22:29:54.819Z,false,00:00,unknown
2026-01-30T22:56:49.677Z,false,00:00,unknown
2026-01-30T23:32:52.733Z,false,00:00,unknown
2026-01-30T23:54:06.385Z,false,00:00,unknown
2026-01-31T01:55:28.984Z,false,00:00,unknown
2026-01-31T04:07:54.072Z,false,00:00,unknown
2026-01-31T05:08:44.616Z,false,00:00,unknown
2026-01-31T05:53:40.023Z,false,00:00,unknown
2026-01-31T06:36:28.152Z,false,00:00,unknown
2026-01-31T07:07:46.505Z,false,00:00,unknown
2026-01-31T07:42:11.899Z,false,00:00,unknown
2026-01-31T07:58:02.535Z,false,00:00,unknown
2026-01-31T08:41:08.588Z,false,00:00,unknown
2026-01-31T09:02:26.214Z,false,00:00,unknown
2026-01-31T09:39:17.965Z,false,00:00,unknown
2026-01-31T09:56:46.136Z,false,00:00,unknown
2026-01-31T10:32:17.720Z,false,00:00,unknown
2026-01-31T10:55:28.183Z,false,00:00,unknown
2026-01-31T11:24:10.580Z,false,00:00,unknown
2026-01-31T11:43:07.228Z,false,00:00,unknown
2026-01-31T11:56:04.728Z,false,00:00,unknown
2026-01-31T12:58:40.323Z,false,00:00,unknown
2026-01-31T13:47:06.039Z,false,00:00,unknown
2026-01-31T14:11:48.973Z,false,00:00,unknown
2026-01-31T14:43:57.150Z,false,00:00,unknown
2026-01-31T15:00:05.664Z,false,00:00,unknown
2026-01-31T15:34:16.153Z,false,00:00,unknown
2026-01-31T15:52:57.609Z,false,00:00,unknown
2026-01-31T16:22:39.898Z,false,00:00,unknown
2026-01-31T16:52:59.657Z,false,00:00,unknown
2026-01-31T17:21:06.474Z,false,00:00,unknown
2026-01-31T17:45:51.605Z,false,00:00,unknown
2026-01-31T17:59:29.259Z,false,00:00,unknown
2026-01-31T18:47:51.623Z,false,00:00,unknown
2026-01-31T19:10:55.930Z,false,00:00,unknown
2026-01-31T19:34:18.777Z,false,00:00,unknown
2026-01-31T19:48:55.053Z,false,00:00,unknown
2026-01-31T20:00:40.174Z,false,00:00,unknown
2026-01-31T20:36:44.438Z,false,00:00,unknown
2026-01-31T20:55:20.966Z,false,00:00,unknown
2026-01-31T21:25:27.453Z,false,00:00,unknown
2026-01-31T21:45:55.352Z,false,00:00,unknown
2026-01-31T21:58:24.024Z,false,00:00,unknown
2026-01-31T22:33:21.425Z,false,00:00,unknown
2026-01-31T22:53:55.841Z,false,00:00,unknown
2026-01-31T23:21:28.962Z,false,00:00,unknown
2026-01-31T23:43:14.049Z,false,00:00,unknown
2026-01-31T23:58:01.221Z,false,00:00,unknown
2026-02-01T03:23:33.422Z,false,00:00,unknown
2026-02-01T05:11:57.607Z,false,00:00,unknown
2026-02-01T06:09:06.678Z,false,00:00,unknown
2026-02-01T07:05:57.436Z,false,00:00,unknown
2026-02-01T07:47:58.802Z,false,00:00,unknown
2026-02-01T08:16:37.068Z,false,00:00,unknown
2026-02-01T08:51:45.402Z,false,00:00,unknown
2026-02-01T09:24:18.913Z,false,00:00,unknown
2026-02-01T09:53:15.102Z,false,00:00,unknown
2026-02-01T10:22:37.302Z,false,00:00,unknown
2026-02-01T10:52:24.253Z,false,00:00,unknown
2026-02-01T11:17:39.294Z,false,00:00,unknown
2026-02-01T11:40:23.772Z,false,00:00,unknown
2026-02-01T11:55:02.031Z,false,00:00,unknown
2026-02-01T12:54:58.275Z,false,00:00,unknown
2026-02-01T13:45:00.277Z,false,00:00,unknown
2026-02-01T14:13:33.712Z,false,00:00,unknown
2026-02-01T14:46:53.507Z,false,00:00,unknown
2026-02-01T15:11:40.578Z,false,00:00,unknown
2026-02-01T15:42:51.015Z,false,00:00,unknown
2026-02-01T15:59:38.975Z,false,00:00,unknown
2026-02-01T16:42:26.182Z,false,00:00,unknown
2026-02-01T17:02:49.466Z,false,00:00,unknown
2026-02-01T17:37:51.196Z,false,00:00,unknown
2026-02-01T17:57:04.980Z,false,00:00,unknown
2026-02-01T18:48:11.939Z,false,00:00,unknown
2026-02-01T19:14:27.482Z,false,00:00,unknown
2026-02-01T19:39:58.583Z,false,00:00,unknown
2026-02-01T19:54:51.505Z,false,00:00,unknown
2026-02-01T20:29:18.752Z,false,00:00,unknown
2026-02-01T20:54:08.496Z,false,00:00,unknown
2026-02-01T21:23:23.403Z,false,00:00,unknown
2026-02-01T21:45:25.134Z,false,00:00,unknown
2026-02-01T21:58:30.975Z,false,00:00,unknown
2026-02-01T22:36:00.862Z,false,00:00,unknown
2026-02-01T22:57:41.252Z,false,00:00,unknown
2026-02-01T23:34:12.504Z,false,00:00,unknown
2026-02-01T23:55:00.956Z,false,00:00,unknown
2026-02-02T02:27:32.233Z,false,00:00,unknown
2026-02-02T04:36:31.679Z,false,00:00,unknown
2026-02-02T05:49:58.480Z,false,00:00,unknown
2026-02-02T06:48:54.526Z,false,00:00,unknown
2026-02-02T07:41:07.347Z,false,00:00,unknown
2026-02-02T08:26:24.638Z,false,00:00,unknown
2026-02-02T09:10:40.429Z,false,00:00,unknown
2026-02-02T10:08:08.731Z,false,00:00,unknown
2026-02-02T11:06:35.750Z,false,00:00,unknown
2026-02-02T11:49:32.527Z,false,00:00,unknown
2026-02-02T12:28:38.696Z,true,01:44,unknown
2026-02-02T13:44:17.708Z,true,18:13,unknown
2026-02-02T14:29:39.215Z,true,07:56,work
2026-02-02T15:22:25.168Z,true,16:19,work
2026-02-02T15:57:12.542Z,true,09:10,work
2026-02-02T16:52:55.316Z,true,14:40,work
2026-02-02T17:35:11.730Z,true,03:33,work
2026-02-02T18:07:17.889Z,true,04:13,unknown
2026-02-02T23:05:19.002Z,true,18:59,work
2026-02-02T23:38:40.109Z,false,00:00,unknown
2026-02-02T23:59:34.213Z,false,00:00,unknown
2026-02-03T02:52:36.207Z,false,00:00,unknown
2026-02-03T04:43:49.056Z,false,00:00,unknown
2026-02-03T05:40:18.104Z,false,00:00,unknown
2026-02-03T06:32:41.613Z,false,00:00,unknown
2026-02-03T07:29:16.526Z,false,00:00,unknown
2026-02-03T08:03:38.717Z,false,00:00,unknown
2026-02-03T08:54:41.189Z,false,00:00,unknown
2026-02-03T09:43:09.772Z,false,00:00,unknown
2026-02-03T10:25:15.790Z,false,00:00,unknown
2026-02-03T11:07:39.444Z,false,00:00,unknown
2026-02-03T11:49:45.518Z,false,00:00,unknown
2026-02-03T12:29:49.401Z,false,00:00,unknown
2026-02-03T13:46:11.348Z,true,21:50,unknown
2026-02-03T14:34:25.331Z,true,04:24,unknown
2026-02-03T15:30:31.736Z,true,10:51,work
2026-02-03T16:29:59.154Z,false,00:00,unknown
2026-02-03T17:32:53.511Z,false,00:00,unknown
2026-02-03T18:31:40.352Z,false,00:00,unknown
2026-02-03T19:30:26.444Z,true,18:58,work
2026-02-03T20:02:42.260Z,false,00:00,unknown
2026-02-03T20:52:00.413Z,true,04:39,breakTime
2026-02-03T21:28:28.921Z,true,23:45,unknown
2026-02-03T22:00:37.815Z,false,00:00,unknown
2026-02-03T22:44:49.603Z,false,00:00,unknown
2026-02-03T23:14:55.886Z,false,00:00,unknown
2026-02-03T23:46:07.714Z,true,10:21,unknown
2026-02-04T00:01:32.394Z,true,00:05,breakTime
2026-02-04T02:49:34.773Z,false,00:00,unknown
2026-02-04T04:24:00.197Z,false,00:00,unknown
2026-02-04T05:31:16.203Z,false,00:00,unknown
2026-02-04T06:28:37.057Z,false,00:00,unknown
2026-02-04T07:29:01.751Z,false,00:00,unknown
2026-02-04T08:03:33.669Z,false,00:00,unknown
2026-02-04T08:57:49.620Z,false,00:00,unknown
2026-02-04T09:56:32.402Z,false,00:00,unknown
2026-02-04T10:48:26.987Z,false,00:00,unknown
2026-02-04T11:23:47.005Z,false,00:00,unknown
2026-02-04T11:54:20.010Z,false,00:00,unknown
2026-02-04T13:00:05.387Z,false,00:00,unknown
2026-02-04T14:07:21.860Z,false,00:00,unknown
2026-02-04T14:58:57.788Z,false,00:00,unknown
2026-02-04T15:55:02.996Z,true,18:05,unknown
2026-02-04T16:53:18.979Z,false,00:00,unknown
2026-02-04T17:43:25.410Z,false,00:00,unknown
2026-02-04T18:29:20.821Z,true,13:26,unknown
2026-02-04T19:29:02.279Z,true,13:58,work
2026-02-04T20:01:32.512Z,true,13:09,unknown
2026-02-04T20:50:07.426Z,true,00:05,breakTime
2026-02-04T21:23:20.323Z,true,22:17,work
2026-02-04T21:53:11.156Z,false,00:00,unknown
2026-02-04T22:24:05.695Z,true,18:02,unknown
2026-02-04T22:52:34.601Z,false,00:00,unknown
2026-02-04T23:22:47.397Z,false,00:00,unknown
2026-02-04T23:50:06.784Z,true,09:03,unknown
2026-02-05T01:03:34.775Z,true,24:58,work
2026-02-05T03:40:11.528Z,false,00:00,unknown
2026-02-05T05:08:50.752Z,false,00:00,unknown
2026-02-05T06:10:51.534Z,false,00:00,unknown
2026-02-05T07:17:21.861Z,false,00:00,unknown
2026-02-05T08:00:56.396Z,false,00:00,unknown
2026-02-05T08:58:26.023Z,false,00:00,unknown
2026-02-05T09:57:03.800Z,false,00:00,unknown
2026-02-05T10:52:17.604Z,false,00:00,unknown
2026-02-05T11:31:34.311Z,false,00:00,unknown
2026-02-05T12:00:21.258Z,false,00:00,work
2026-02-05T13:24:28.706Z,false,00:00,unknown
2026-02-05T14:25:52.219Z,true,03:13,work
2026-02-05T15:10:57.123Z,false,00:00,unknown
2026-02-05T15:59:00.451Z,false,00:00,unknown
2026-02-05T17:01:37.283Z,false,00:00,unknown
2026-02-05T17:58:29.739Z,true,14:46,unknown
2026-02-05T19:01:10.784Z,true,16:47,unknown
2026-02-05T19:43:59.634Z,true,04:19,unknown
2026-02-05T20:16:35.592Z,true,02:22,unknown
2026-02-05T20:54:03.173Z,true,00:59,breakTime
2026-02-05T21:28:16.805Z,true,00:23,unknown
2026-02-05T21:55:43.813Z,false,00:00,unknown
2026-02-05T22:32:52.851Z,false,00:00,unknown
2026-02-05T22:59:10.864Z,false,00:00,unknown
2026-02-05T23:33:40.163Z,false,00:00,unknown
2026-02-05T23:54:56.028Z,false,00:00,unknown
2026-02-06T02:12:06.838Z,false,00:00,unknown
2026-02-06T04:24:04.062Z,false,00:00,unknown
2026-02-06T05:35:42.467Z,false,00:00,unknown
2026-02-06T06:32:20.870Z,false,00:00,unknown
2026-02-06T07:31:43.161Z,false,00:00,unknown
2026-02-06T08:05:15.735Z,false,00:00,unknown
2026-02-06T08:59:42.305Z,false,00:00,unknown
2026-02-06T09:56:21.408Z,false,00:00,unknown
2026-02-06T10:49:03.612Z,false,00:00,unknown
2026-02-06T11:23:28.622Z,false,00:00,unknown
2026-02-06T11:54:07.998Z,false,00:00,unknown
2026-02-06T12:58:56.312Z,false,00:00,unknown
2026-02-06T14:05:26.486Z,false,00:00,unknown
2026-02-06T14:56:52.861Z,true,04:07,unknown
2026-02-06T15:49:40.918Z,true,11:55,unknown
2026-02-06T16:29:36.961Z,true,02:27,unknown
2026-02-06T17:24:07.190Z,true,18:01,unknown
2026-02-06T18:05:44.002Z,false,00:00,unknown
2026-02-06T19:06:30.025Z,true,02:56,work
2026-02-06T19:48:44.904Z,true,21:06,unknown
2026-02-06T20:18:35.305Z,true,22:01,unknown
2026-02-06T20:54:48.787Z,true,16:04,work
2026-02-06T21:32:23.117Z,true,08:44,unknown
2026-02-06T21:55:50.412Z,true,16:52,unknown
2026-02-06T22:30:00.035Z,true,14:02,work
2026-02-06T22:53:15.432Z,true,45:56,unknown
2026-02-06T23:22:55.926Z,true,16:17,unknown
2026-02-06T23:49:00.141Z,false,00:00,unknown
2026-02-07T00:52:28.350Z,false,00:00,unknown
2026-02-07T03:22:21.917Z,false,00:00,unknown
2026-02-07T04:51:07.994Z,false,00:00,unknown
2026-02-07T05:35:13.018Z,false,00:00,unknown
2026-02-07T06:07:04.414Z,false,00:00,unknown
2026-02-07T07:01:16.631Z,false,00:00,unknown
2026-02-07T07:40:45.152Z,false,00:00,unknown
2026-02-07T07:59:07.840Z,false,00:00,unknown
2026-02-07T08:44:56.175Z,false,00:00,unknown
2026-02-07T09:15:40.727Z,false,00:00,unknown
2026-02-07T09:48:24.353Z,false,00:00,unknown
2026-02-07T10:01:42.873Z,false,00:00,unknown
2026-02-07T10:41:07.422Z,false,00:00,unknown
2026-02-07T11:00:26.972Z,false,00:00,unknown
2026-02-07T11:31:50.214Z,false,00:00,unknown
2026-02-07T11:50:53.449Z,false,00:00,unknown
2026-02-07T12:27:36.174Z,false,00:00,unknown
2026-02-07T13:27:13.189Z,false,00:00,unknown
2026-02-07T14:00:49.157Z,false,00:00,unknown
2026-02-07T14:37:49.416Z,false,00:00,unknown
2026-02-07T14:58:42.652Z,false,00:00,unknown
2026-02-07T15:35:03.344Z,false,00:00,unknown
2026-02-07T15:54:52.041Z,false,00:00,unknown
2026-02-07T16:32:34.137Z,false,00:00,unknown
2026-02-07T17:00:02.366Z,false,00:00,unknown
2026-02-07T17:35:45.864Z,false,00:00,unknown
2026-02-07T17:56:17.731Z,false,00:00,unknown
2026-02-07T18:43:03.727Z,false,00:00,unknown
2026-02-07T19:13:38.811Z,false,00:00,unknown
2026-02-07T19:39:37.626Z,false,00:00,unknown
2026-02-07T19:54:41.985Z,false,00:00,unknown
2026-02-07T20:28:34.153Z,false,00:00,unknown
2026-02-07T20:54:46.936Z,false,00:00,unknown
2026-02-07T21:28:31.704Z,false,00:00,unknown
2026-02-07T21:52:38.011Z,false,00:00,unknown
2026-02-07T22:20:52.607Z,false,00:00,unknown
2026-02-07T22:51:02.593Z,false,00:00,unknown
2026-02-07T23:20:36.761Z,false,00:00,unknown
2026-02-07T23:52:42.864Z,false,00:00,unknown
2026-02-08T02:09:35.612Z,false,00:00,unknown
2026-02-08T04:39:24.640Z,false,00:00,unknown
2026-02-08T05:50:41.956Z,false,00:00,unknown
2026-02-08T06:38:36.630Z,false,00:00,unknown
2026-02-08T07:27:24.057Z,false,00:00,unknown
2026-02-08T07:58:42.348Z,false,00:00,unknown
2026-02-08T08:45:20.092Z,false,00:00,unknown
2026-02-08T09:16:05.069Z,false,00:00,unknown
2026-02-08T09:49:08.098Z,false,00:00,unknown
2026-02-08T10:13:05.886Z,false,00:00,unknown
2026-02-08T10:49:12.858Z,false,00:00,unknown
2026-02-08T11:11:55.705Z,false,00:00,unknown
2026-02-08T11:39:13.885Z,false,00:00,unknown
2026-02-08T11:55:19.849Z,false,00:00,unknown
2026-02-08T12:56:50.143Z,false,00:00,unknown
2026-02-08T13:50:34.603Z,false,00:00,unknown
2026-02-08T14:18:57.939Z,false,00:00,unknown
2026-02-08T14:50:10.223Z,false,00:00,unknown
2026-02-08T15:15:24.211Z,false,00:00,unknown
2026-02-08T15:45:34.764Z,false,00:00,unknown
2026-02-08T16:02:09.782Z,false,00:00,unknown
2026-02-08T16:46:36.085Z,false,00:00,unknown
2026-02-08T17:14:32.069Z,false,00:00,unknown
2026-02-08T17:47:11.468Z,false,00:00,unknown
2026-02-08T18:16:43.405Z,false,00:00,unknown
2026-02-08T18:57:36.373Z,false,00:00,unknown
2026-02-08T19:33:25.215Z,false,00:00,unknown
2026-02-08T19:51:05.167Z,false,00:00,unknown
2026-02-08T20:16:50.157Z,false,00:00,unknown
2026-02-08T20:47:30.531Z,false,00:00,unknown
2026-02-08T21:14:20.076Z,false,00:00,unknown
2026-02-08T21:45:56.897Z,false,00:00,unknown
2026-02-08T22:01:37.075Z,false,00:00,unknown
2026-02-08T22:42:49.397Z,false,00:00,unknown
2026-02-08T23:03:59.675Z,false,00:00,unknown
2026-02-08T23:44:13.849Z,false,00:00,unknown
2026-02-09T00:01:30.478Z,false,00:00,unknown
2026-02-09T03:16:57.676Z,false,00:00,unknown
2026-02-09T05:14:02.290Z,false,00:00,unknown
2026-02-09T06:17:58.270Z,false,00:00,unknown
2026-02-09T07:35:50.125Z,false,00:00,unknown
2026-02-09T08:28:14.774Z,false,00:00,unknown
2026-02-09T09:36:21.039Z,false,00:00,unknown
2026-02-09T10:40:03.801Z,false,00:00,unknown
2026-02-09T11:32:48.060Z,false,00:00,unknown
2026-02-09T12:06:52.854Z,false,00:00,unknown
2026-02-09T13:47:05.565Z,false,00:00,unknown
2026-02-09T14:43:17.408Z,false,00:00,unknown
2026-02-09T15:39:29.480Z,false,00:00,unknown
2026-02-09T17:37:36.695Z,true,15:43,unknown
2026-02-09T18:35:51.483Z,true,18:06,unknown
2026-02-09T19:50:54.400Z,true,04:03,unknown
2026-02-09T20:31:13.265Z,true,20:34,unknown
2026-02-09T21:10:09.239Z,false,00:00,unknown
2026-02-09T21:56:44.144Z,false,00:00,unknown
2026-02-09T22:44:38.291Z,true,24:03,work
2026-02-09T23:23:42.839Z,false,00:00,unknown
2026-02-10T00:00:24.539Z,false,00:00,unknown
2026-02-10T03:23:36.038Z,false,00:00,unknown
2026-02-10T05:16:31.464Z,false,00:00,unknown
2026-02-10T06:38:43.800Z,false,00:00,unknown
2026-02-10T07:43:58.914Z,false,00:00,unknown
2026-02-10T08:32:38.977Z,false,00:00,unknown
2026-02-10T09:39:12.073Z,false,00:00,unknown
2026-02-10T10:37:48.351Z,false,00:00,unknown
2026-02-10T11:36:15.996Z,false,00:00,unknown
2026-02-10T12:36:02.907Z,false,00:00,unknown
2026-02-10T14:06:08.329Z,false,00:00,unknown
2026-02-10T15:19:48.497Z,false,00:00,unknown
2026-02-10T16:34:47.973Z,true,04:25,breakTime
2026-02-10T17:40:01.688Z,true,22:40,work
2026-02-10T18:41:59.771Z,false,00:00,unknown
2026-02-10T19:47:24.928Z,false,00:00,unknown
2026-02-10T20:30:39.060Z,false,00:00,unknown
2026-02-10T21:24:29.809Z,true,10:18,work
2026-02-10T22:07:06.144Z,true,03:36,breakTime
2026-02-10T22:59:41.755Z,false,00:00,unknown
2026-02-10T23:50:17.529Z,true,09:48,unknown
2026-02-11T01:14:57.338Z,false,00:00,breakTime
2026-02-11T04:05:15.963Z,false,00:00,unknown
2026-02-11T05:44:16.402Z,false,00:00,unknown
2026-02-11T06:44:48.098Z,false,00:00,unknown
2026-02-11T07:42:52.057Z,false,00:00,unknown
2026-02-11T08:30:02.018Z,false,00:00,unknown
2026-02-11T09:31:43.834Z,false,00:00,unknown
2026-02-11T10:30:30.995Z,false,00:00,unknown
2026-02-11T11:27:57.400Z,false,00:00,unknown
2026-02-11T12:05:43.033Z,false,00:00,unknown
2026-02-11T13:47:20.493Z,false,00:00,unknown
2026-02-11T14:44:22.813Z,true,15:43,unknown
2026-02-11T15:43:21.619Z,true,10:32,unknown
2026-02-11T16:45:34.709Z,true,09:06,work
2026-02-11T17:44:43.919Z,true,11:14,work
2026-02-11T18:42:03.164Z,false,00:00,unknown
2026-02-11T19:43:42.428Z,false,00:00,unknown
2026-02-11T20:22:44.573Z,false,00:00,unknown
2026-02-11T21:02:19.678Z,false,00:00,unknown
2026-02-11T21:46:09.642Z,false,00:00,unknown
2026-02-11T22:15:34.348Z,true,01:56,unknown
2026-02-11T22:53:58.244Z,false,00:00,unknown
2026-02-11T23:31:18.986Z,false,00:00,unknown
2026-02-11T23:59:19.145Z,false,00:00,unknown
2026-02-12T03:15:53.757Z,false,00:00,unknown
2026-02-12T05:10:32.390Z,false,00:00,unknown
2026-02-12T06:15:52.620Z,false,00:00,unknown
2026-02-12T07:31:14.076Z,false,00:00,unknown
2026-02-12T08:05:29.201Z,false,00:00,unknown
2026-02-12T09:03:53.873Z,false,00:00,unknown
2026-02-12T10:04:14.540Z,false,00:00,unknown
2026-02-12T11:04:16.662Z,false,00:00,unknown
2026-02-12T11:52:27.277Z,false,00:00,unknown
2026-02-12T12:56:34.022Z,false,00:00,unknown
2026-02-12T14:13:01.580Z,false,00:00,unknown
2026-02-12T15:09:10.081Z,false,00:00,unknown
2026-02-12T16:08:56.455Z,false,00:00,unknown
2026-02-12T17:16:48.500Z,false,00:00,unknown
2026-02-12T18:10:49.481Z,false,00:00,unknown
2026-02-12T19:29:11.762Z,false,00:00,unknown
2026-02-12T19:58:52.510Z,false,00:00,unknown
2026-02-12T20:46:21.077Z,false,00:00,unknown
2026-02-12T21:19:21.059Z,false,00:00,unknown
2026-02-12T21:54:43.820Z,false,00:00,breakTime
2026-02-12T22:33:59.836Z,false,00:00,unknown
2026-02-12T23:01:10.040Z,false,00:00,unknown
2026-02-12T23:40:12.482Z,false,00:00,unknown
2026-02-13T00:01:35.792Z,false,00:00,unknown
2026-02-13T03:17:47.856Z,false,00:00,unknown
2026-02-13T05:04:33.406Z,false,00:00,unknown
2026-02-13T06:12:02.598Z,false,00:00,unknown
2026-02-13T07:16:39.352Z,false,00:00,unknown
2026-02-13T08:00:21.741Z,false,00:00,unknown
2026-02-13T08:57:04.988Z,false,00:00,unknown
2026-02-13T09:55:39.412Z,false,00:00,unknown
2026-02-13T10:43:38.219Z,false,00:00,unknown
2026-02-13T11:21:07.680Z,false,00:00,unknown
2026-02-13T11:51:55.484Z,false,00:00,unknown
2026-02-13T12:42:48.835Z,false,00:00,unknown
2026-02-13T13:49:52.429Z,false,00:00,unknown
2026-02-13T14:33:46.261Z,false,00:00,unknown
2026-02-13T15:24:36.899Z,false,00:00,unknown
2026-02-13T16:07:46.456Z,false,00:00,unknown
2026-02-13T17:05:45.742Z,false,00:00,unknown
2026-02-13T17:54:31.356Z,false,00:00,unknown
2026-02-13T18:51:59.870Z,true,07:27,unknown
2026-02-13T19:38:16.018Z,true,22:17,work
2026-02-13T20:04:54.914Z,true,00:49,unknown
2026-02-13T20:54:37.082Z,false,00:00,unknown
2026-02-13T21:36:10.606Z,false,00:00,unknown
2026-02-13T22:03:21.051Z,false,00:00,unknown
2026-02-13T22:49:50.208Z,false,00:00,unknown
2026-02-13T23:20:00.722Z,false,00:00,unknown
2026-02-13T23:50:12.531Z,false,00:00,unknown
2026-02-14T01:03:55.763Z,false,00:00,unknown
2026-02-14T03:36:02.524Z,false,00:00,unknown
2026-02-14T05:01:09.241Z,false,00:00,unknown
2026-02-14T05:55:47.091Z,false,00:00,unknown
2026-02-14T06:52:38.855Z,false,00:00,unknown
2026-02-14T07:30:59.881Z,false,00:00,unknown
2026-02-14T07:56:32.799Z,false,00:00,unknown
2026-02-14T08:40:40.891Z,false,00:00,unknown
2026-02-14T09:04:45.532Z,false,00:00,unknown
2026-02-14T09:44:36.650Z,false,00:00,unknown
2026-02-14T10:00:36.642Z,false,00:00,unknown
2026-02-14T10:40:01.564Z,false,00:00,unknown
2026-02-14T11:00:46.449Z,false,00:00,unknown
2026-02-14T11:32:43.509Z,false,00:00,unknown
2026-02-14T11:51:30.586Z,false,00:00,unknown
2026-02-14T12:30:58.252Z,false,00:00,unknown
2026-02-14T13:28:35.426Z,false,00:00,unknown
2026-02-14T14:01:16.059Z,false,00:00,unknown
2026-02-14T14:39:21.617Z,false,00:00,unknown
2026-02-14T14:59:51.013Z,false,00:00,unknown
2026-02-14T15:35:25.656Z,false,00:00,unknown
2026-02-14T15:55:01.866Z,false,00:00,unknown
2026-02-14T16:33:02.670Z,false,00:00,unknown
2026-02-14T16:59:43.936Z,false,00:00,unknown
2026-02-14T17:35:45.182Z,false,00:00,unknown
2026-02-14T17:55:22.476Z,false,00:00,unknown
2026-02-14T18:39:34.671Z,false,00:00,unknown
2026-02-14T19:05:06.689Z,false,00:00,unknown
2026-02-14T19:34:37.853Z,false,00:00,unknown
2026-02-14T19:51:53.724Z,false,00:00,unknown
2026-02-14T20:18:38.026Z,false,00:00,unknown
2026-02-14T20:46:23.521Z,false,00:00,unknown
2026-02-14T21:02:13.922Z,false,00:00,unknown
2026-02-14T21:36:12.601Z,false,00:00,unknown
2026-02-14T21:55:02.844Z,false,00:00,unknown
2026-02-14T22:27:01.351Z,false,00:00,unknown
2026-02-14T22:52:58.241Z,false,00:00,unknown
2026-02-14T23:20:33.776Z,false,00:00,unknown
2026-02-14T23:44:16.598Z,false,00:00,unknown
2026-02-14T23:59:48.886Z,false,00:00,unknown
2026-02-15T03:17:38.712Z,false,00:00,unknown
2026-02-15T05:05:11.763Z,false,00:00,unknown
2026-02-15T06:07:04.828Z,false,00:00,unknown
2026-02-15T07:06:36.555Z,false,00:00,unknown
2026-02-15T07:48:57.464Z,false,00:00,unknown
2026-02-15T08:17:04.803Z,false,00:00,unknown
2026-02-15T08:53:19.272Z,false,00:00,unknown
2026-02-15T09:28:39.253Z,false,00:00,unknown
2026-02-15T09:56:47.371Z,false,00:00,unknown
2026-02-15T10:35:22.612Z,false,00:00,unknown
2026-02-15T10:58:52.307Z,false,00:00,unknown
2026-02-15T11:31:39.501Z,false,00:00,unknown
2026-02-15T11:51:18.085Z,false,00:00,unknown
2026-02-15T12:31:57.396Z,false,00:00,unknown
2026-02-15T13:30:15.215Z,false,00:00,unknown
2026-02-15T14:02:38.522Z,false,00:00,unknown
2026-02-15T14:41:45.144Z,false,00:00,unknown
2026-02-15T15:01:31.951Z,false,00:00,unknown
2026-02-15T15:36:26.532Z,false,00:00,unknown
2026-02-15T15:56:15.867Z,false,00:00,unknown
2026-02-15T16:38:08.499Z,false,00:00,unknown
2026-02-15T17:02:10.443Z,false,00:00,unknown
2026-02-15T17:37:35.499Z,false,00:00,unknown
2026-02-15T17:57:32.056Z,false,00:00,unknown
2026-02-15T18:49:57.368Z,false,00:00,unknown
2026-02-15T19:17:08.683Z,false,00:00,unknown
2026-02-15T19:42:47.624Z,false,00:00,unknown
2026-02-15T19:57:30.381Z,false,00:00,unknown
2026-02-15T20:37:13.292Z,false,00:00,unknown
2026-02-15T20:58:32.145Z,false,00:00,unknown
2026-02-15T21:33:53.725Z,false,00:00,unknown
2026-02-15T21:53:51.876Z,false,00:00,unknown
2026-02-15T22:22:47.309Z,false,00:00,unknown
2026-02-15T22:50:18.190Z,false,00:00,unknown
2026-02-15T23:15:46.554Z,false,00:00,unknown
2026-02-15T23:45:18.669Z,false,00:00,unknown
2026-02-16T00:01:31.208Z,false,00:00,unknown
2026-02-16T03:15:44.834Z,false,00:00,unknown
2026-02-16T05:12:59.164Z,false,00:00,unknown
2026-02-16T06:16:25.250Z,false,00:00,unknown
2026-02-16T07:33:54.699Z,false,00:00,unknown
2026-02-16T08:07:49.728Z,false,00:00,unknown
2026-02-16T09:06:12.284Z,false,00:00,unknown
2026-02-16T10:09:39.177Z,false,00:00,unknown
2026-02-16T11:08:03.633Z,false,00:00,unknown
2026-02-16T11:53:45.585Z,false,00:00,unknown
2026-02-16T13:00:16.705Z,false,00:00,unknown
2026-02-16T14:09:39.171Z,false,00:00,unknown
2026-02-16T15:01:30.498Z,false,00:00,unknown
2026-02-16T15:53:38.460Z,false,00:00,unknown
2026-02-16T16:41:00.687Z,false,00:00,unknown
2026-02-16T17:26:29.344Z,false,00:00,unknown
2026-02-16T18:04:21.099Z,false,00:00,unknown
2026-02-16T19:00:35.987Z,false,00:00,unknown
2026-02-16T19:39:15.733Z,false,00:00,unknown
2026-02-16T19:59:42.028Z,false,00:00,unknown
2026-02-16T20:42:45.402Z,false,00:00,unknown
2026-02-16T21:03:47.832Z,false,00:00,unknown
2026-02-16T21:41:08.156Z,false,00:00,unknown
2026-02-16T21:59:59.034Z,false,00:00,unknown
2026-02-16T22:41:20.528Z,false,00:00,unknown
2026-02-16T23:04:04.305Z,false,00:00,unknown
2026-02-16T23:41:55.028Z,false,00:00,unknown
2026-02-17T00:01:48.047Z,false,00:00,unknown
2026-02-17T02:54:41.346Z,false,00:00,unknown
2026-02-17T04:53:08.805Z,false,00:00,unknown
2026-02-17T05:55:38.210Z,false,00:00,unknown
2026-02-17T07:04:02.940Z,false,00:00,unknown
2026-02-17T07:56:23.236Z,false,00:00,unknown
2026-02-17T08:55:35.551Z,false,00:00,unknown
2026-02-17T09:54:21.199Z,false,00:00,unknown
2026-02-17T10:44:54.380Z,false,00:00,unknown
2026-02-17T11:29:14.718Z,false,00:00,unknown
2026-02-17T12:02:36.952Z,false,00:00,unknown
2026-02-17T13:37:06.360Z,false,00:00,unknown
2026-02-17T14:32:20.792Z,false,00:00,unknown
2026-02-17T15:31:12.367Z,false,00:00,unknown
2026-02-17T16:34:56.617Z,false,00:00,unknown
2026-02-17T17:39:15.161Z,false,00:00,unknown
2026-02-17T18:35:48.598Z,false,00:00,unknown
2026-02-17T19:33:50.973Z,false,00:00,unknown
2026-02-17T20:04:18.156Z,false,00:00,unknown
2026-02-17T20:53:43.063Z,false,00:00,unknown
2026-02-17T21:34:34.169Z,false,00:00,unknown
2026-02-17T21:59:43.039Z,false,00:00,unknown
2026-02-17T22:45:44.866Z,false,00:00,unknown
2026-02-17T23:15:02.353Z,false,00:00,unknown
2026-02-17T23:47:45.881Z,true,07:00,work
2026-02-18T00:58:02.287Z,false,00:00,unknown
2026-02-18T03:42:25.651Z,false,00:00,unknown
2026-02-18T05:14:42.101Z,false,00:00,unknown
2026-02-18T06:16:45.573Z,false,00:00,unknown
2026-02-18T07:30:03.961Z,false,00:00,unknown
2026-02-18T08:05:34.563Z,false,00:00,unknown
2026-02-18T09:03:02.625Z,false,00:00,unknown
2026-02-18T10:02:15.481Z,false,00:00,unknown
2026-02-18T11:01:24.991Z,false,00:00,unknown
2026-02-18T11:50:14.016Z,false,00:00,unknown
2026-02-18T12:35:01.587Z,false,00:00,unknown
2026-02-18T13:52:24.790Z,false,00:00,unknown
2026-02-18T14:40:19.380Z,false,00:00,unknown
2026-02-18T15:36:34.899Z,false,00:00,unknown
2026-02-18T16:42:51.934Z,false,00:00,unknown
2026-02-18T17:42:42.920Z,true,17:22,unknown
2026-02-18T18:32:37.617Z,false,00:00,unknown
2026-02-18T19:32:16.615Z,false,00:00,unknown
2026-02-18T20:06:53.322Z,true,09:27,unknown
2026-02-18T20:56:47.385Z,false,00:00,unknown
2026-02-18T21:40:42.152Z,false,00:00,unknown
2026-02-18T22:04:48.550Z,false,00:00,unknown
2026-02-18T22:51:59.607Z,false,00:00,unknown
2026-02-18T23:22:52.178Z,false,00:00,unknown
2026-02-18T23:52:08.103Z,false,00:00,unknown
2026-02-19T01:44:39.115Z,false,00:00,unknown
2026-02-19T04:06:05.516Z,false,00:00,unknown
2026-02-19T05:36:46.833Z,false,00:00,unknown
2026-02-19T06:40:42.435Z,false,00:00,unknown
2026-02-19T07:38:42.005Z,false,00:00,unknown
2026-02-19T08:26:10.688Z,false,00:00,unknown
2026-02-19T09:11:46.647Z,true,18:24,unknown
2026-02-19T10:06:37.892Z,true,00:54,work
2026-02-19T11:05:27.649Z,true,03:21,unknown
2026-02-19T11:52:29.576Z,false,00:00,unknown
2026-02-19T12:54:47.472Z,false,00:00,unknown
2026-02-19T14:09:25.257Z,false,00:00,unknown
2026-02-19T15:07:02.867Z,false,00:00,unknown
2026-02-19T16:01:55.543Z,true,22:53,unknown
2026-02-19T17:08:40.809Z,true,19:20,unknown
2026-02-19T18:04:53.072Z,true,01:31,unknown
2026-02-19T19:07:05.622Z,true,02:30,unknown
2026-02-19T19:49:12.195Z,false,00:00,unknown
2026-02-19T20:18:32.117Z,false,00:00,unknown
2026-02-19T20:53:59.882Z,true,19:07,unknown
2026-02-19T21:32:11.860Z,true,15:21,unknown
2026-02-19T22:00:10.459Z,false,00:00,unknown
2026-02-19T22:45:30.993Z,false,00:00,unknown
2026-02-19T23:16:39.055Z,false,00:00,unknown
2026-02-19T23:48:51.033Z,false,00:00,unknown
2026-02-20T00:54:26.215Z,false,00:00,unknown
2026-02-20T03:32:21.903Z,false,00:00,unknown
2026-02-20T05:05:59.630Z,false,00:00,unknown
2026-02-20T06:07:29.830Z,false,00:00,unknown
2026-02-20T07:13:45.724Z,false,00:00,unknown
2026-02-20T07:58:35.688Z,false,00:00,unknown
2026-02-20T08:53:47.928Z,false,00:00,unknown
2026-02-20T09:39:33.067Z,false,00:00,unknown
2026-02-20T10:21:25.753Z,false,00:00,unknown
2026-02-20T11:02:49.783Z,false,00:00,unknown
2026-02-20T11:42:16.447Z,false,00:00,unknown
2026-02-20T12:02:50.576Z,false,00:00,unknown
2026-02-20T13:21:49.144Z,false,00:00,unknown
2026-02-20T14:09:40.330Z,false,00:00,unknown
2026-02-20T15:00:35.556Z,false,00:00,unknown
2026-02-20T15:49:31.559Z,false,00:00,unknown
2026-02-20T16:22:51.945Z,false,00:00,unknown
2026-02-20T17:05:56.583Z,false,00:00,unknown
2026-02-20T17:54:18.468Z,false,00:00,unknown
2026-02-20T18:49:50.622Z,false,00:00,unknown
2026-02-20T19:29:19.317Z,true,17:32,unknown
2026-02-20T19:56:18.963Z,true,22:06,unknown
2026-02-20T20:39:19.622Z,true,10:17,unknown
2026-02-20T20:59:50.634Z,true,20:32,work
2026-02-20T21:35:14.963Z,false,00:00,unknown
2026-02-20T21:54:43.502Z,false,00:00,unknown
2026-02-20T22:28:05.593Z,false,00:00,unknown
2026-02-20T22:57:29.508Z,false,00:00,unknown
2026-02-20T23:37:11.382Z,false,00:00,unknown
2026-02-20T23:57:31.563Z,false,00:00,unknown
2026-02-21T02:42:07.699Z,false,00:00,unknown
2026-02-21T04:20:15.897Z,false,00:00,unknown
2026-02-21T05:15:31.707Z,false,00:00,unknown
2026-02-21T05:58:55.764Z,false,00:00,unknown
2026-02-21T06:56:15.925Z,false,00:00,unknown
2026-02-21T07:36:39.794Z,false,00:00,unknown
2026-02-21T07:57:01.664Z,false,00:00,unknown
2026-02-21T08:40:15.374Z,false,00:00,unknown
2026-02-21T09:03:06.656Z,false,00:00,unknown
2026-02-21T09:42:05.585Z,false,00:00,unknown
2026-02-21T09:59:10.293Z,false,00:00,unknown
2026-02-21T10:38:14.403Z,false,00:00,unknown
2026-02-21T10:59:06.221Z,false,00:00,unknown
2026-02-21T11:33:36.763Z,false,00:00,unknown
2026-02-21T11:49:26.491Z,false,00:00,unknown
2026-02-21T12:18:43.961Z,false,00:00,unknown
2026-02-21T13:13:31.827Z,false,00:00,unknown
2026-02-21T13:54:08.662Z,false,00:00,unknown
2026-02-21T14:26:31.428Z,false,00:00,unknown
2026-02-21T14:53:22.809Z,false,00:00,unknown
2026-02-21T15:22:15.525Z,false,00:00,unknown
2026-02-21T15:46:43.850Z,false,00:00,unknown
2026-02-21T16:01:19.654Z,false,00:00,unknown
2026-02-21T16:44:10.109Z,false,00:00,unknown
2026-02-21T17:12:04.308Z,false,00:00,unknown
2026-02-21T17:44:11.204Z,false,00:00,unknown
2026-02-21T18:00:10.105Z,false,00:00,unknown
2026-02-21T18:51:05.163Z,false,00:00,unknown
2026-02-21T19:17:55.878Z,false,00:00,unknown
2026-02-21T19:41:39.920Z,false,00:00,unknown
2026-02-21T19:55:58.024Z,false,00:00,unknown
2026-02-21T20:30:55.742Z,false,00:00,unknown
2026-02-21T20:53:45.773Z,false,00:00,unknown
2026-02-21T21:21:45.398Z,false,00:00,unknown
2026-02-21T21:43:38.405Z,false,00:00,unknown
2026-02-21T21:57:38.538Z,false,00:00,unknown
2026-02-21T22:34:28.698Z,false,00:00,unknown
2026-02-21T22:55:49.302Z,false,00:00,unknown
2026-02-21T23:28:57.216Z,false,00:00,unknown
2026-02-21T23:50:02.358Z,false,00:00,unknown
2026-02-22T01:05:26.984Z,false,00:00,unknown
2026-02-22T03:43:29.425Z,false,00:00,unknown
2026-02-22T05:09:07.019Z,false,00:00,unknown
2026-02-22T06:05:09.387Z,false,00:00,unknown
2026-02-22T07:04:43.372Z,false,00:00,unknown
2026-02-22T07:46:54.474Z,false,00:00,unknown
